Modelo,RMSE,MAE,R2,Tempo_s
Empirical,0.6848233347967749,0.5363044255699828,0.8828620464821072,0.0013
ANN,0.4388707027413465,0.3491365022718876,0.9518923976929057,383.06
SVR,0.44452233754361103,0.35062144855756083,0.9506453915403505,3.22
EDML,0.43112687977382796,0.34355576281814765,0.953575125973892,273.07
