Modelo,RMSE,MAE,R2,Tempo_s
Empirical,0.42495265981147007,0.33555002046473364,0.7820461483065199,0.001
ANN,0.4368039069914278,0.3434222253559309,0.7697198662196612,234.56
EDML,0.4274858639330756,0.3379375904417135,0.7794398945467556,215.13
